id;id_company;name;phone;email;address;job;gender;avatar;file_upload_cv;status
1;65201;non-volatile Communications;1-255-960-4915 x170;Howell29@yahoo.com;De-engineered customized Bacon;microchip cyan Brand;Georgia;Fantastic Plastic Mouse Burkina Faso deposit;brand;10235
2;37324;Spring EXE;507.139.2211 x72199;Robbie.Block@gmail.com;withdrawal Integrated;Incredible green cross-platform;SDD object-oriented;Frozen;Idaho copy wireless;32105
3;39324;Handmade Rubber;(384) 613-1226 x110;Deborah_Rippin18@hotmail.com;disintermediate District;Corporate withdrawal;bypass supply-chains New Mexico;Netherlands Antillian Guilder Technician Estate;Steel;76677
4;72296;feed turquoise RSS;1-207-733-9694 x942;Micaela.Oberbrunner59@gmail.com;Money Market Account Research RAM;array;Port Sao Tome and Principe Mouse;reintermediate pricing structure;input circuit Checking Account;60236
5;32788;auxiliary;249-482-2013;Ezequiel.Bashirian@gmail.com;capacity deposit solid state;Movies;end-to-end Dynamic;Shoal Credit Card Account;auxiliary;77251
6;56131;payment;(539) 653-6962;Kieran42@yahoo.com;cross-platform Home Loan Account solution-oriented;vertical;Lebanon JSON calculate;Concrete open-source Electronics;Regional SMS neural;29777
7;77953;Buckinghamshire;849-927-1540;Emilio80@gmail.com;Refined systemic;Rwanda Franc;Associate;Metal;Shirt;64539
8;79077;Home Loan Account Fields Creative;1-211-691-7412 x700;Christina63@yahoo.com;Borders Representative;quantify Denmark Synergistic;Heard Island and McDonald Islands;Grocery Brand;indexing bandwidth;5463
9;32164;3rd generation AGP;1-672-926-0787;Barry_Marquardt22@gmail.com;Avon Brand;killer;Kwanza;Shoes;card;14499
10;32649;Refined mobile tan;1-478-339-4407;Newell.Hickle9@yahoo.com;invoice Mobility;Central Metal;Somali Shilling;Chips connecting action-items;Licensed Rubber Bacon connect;63107
